id,title,thumbnail_url,description,goal_amount,total_amount,acheved_rate,total_supporters,opening_date,closing_date
1,[누적 2억] 리얼 개발 잘되는 노트북 (맥북보다 좋음),https://images.unsplash.com/photo-1498050108023-c5249f4df085?ixid=MXwxMjA3fDB8MHxzZWFyY2h8Mnx8dGVjaG5vbG9neXxlbnwwfHwwfA%3D%3D&ixlib=rb-1.2.1&auto=format&fit=crop&w=500&q=60,아직도 맥북으로 개발하시나요? 이제 맥북 말고 자동으로 개발되는 원하는 틀만짜주면 알아서 처리해주는 AI 인공지능 컴퓨터!!,1000000,2810000,3,305,2021-01-02,2021-02-10
1,강아지 마저 좋아하는 아이패드 보면 볼수록 설렌다!,https://images.unsplash.com/photo-1589652717521-10c0d092dea9?ixid=MXwxMjA3fDB8MHxzZWFyY2h8NXx8Y29tcHV0ZXJ8ZW58MHx8MHw%3D&ixlib=rb-1.2.1&auto=format&fit=crop&w=500&q=60,강아지도 너무 좋아서 쓰다가 안경을 썼습니다. 댕댕이 전용 노트북 입니다. 사람만 개발하기에는 너무 힘들어요 반려동물에게 개발 하청을!!,1000001,3210440,3.21,854,2021-01-03,2021-02-11
1,black 사과 세트 !! Darkapple collection,https://images.unsplash.com/photo-1504610926078-a1611febcad3?ixid=MXwxMjA3fDB8MHxzZWFyY2h8MzB8fHRlY2hub2xvZ3l8ZW58MHx8MHw%3D&ixlib=rb-1.2.1&auto=format&fit=crop&w=500&q=60,black apple만 모았다. 이제 흰색의 시대는 가라 검은색 dark black 입니다.  옛 마비노기 리얼 블랙의 느낌을 내게 하는 파인애플의 세트!!,1000002,1246780,1.25,246,2021-01-04,2021-02-12
1,[놓고 찍으면 끝] 어떤 핸드폰 카메라 보다 좋습니다.,https://images.unsplash.com/photo-1495549115977-ca0a18c9f6a4?ixid=MXwxMjA3fDB8MHxzZWFyY2h8NTB8fHRlY2hub2xvZ3l8ZW58MHx8MHw%3D&ixlib=rb-1.2.1&auto=format&fit=crop&w=500&q=60,"사진이 진짜인지 여기가 진짜 인지 모를정도록 사상 쵀대 화소!!!!  모두들 연인, 가족들끼리 모여서 사용하는 핸드폰!! 빨리 구매하세요!!",1000003,4238950,4.24,248,2021-01-05,2021-02-13
1,[믿을 수 없다.] 너무나도 고급진 pineapple 폰!!,https://images.unsplash.com/photo-1480694313141-fce5e697ee25?ixid=MXwxMjA3fDB8MHxzZWFyY2h8NjB8fHRlY2hub2xvZ3l8ZW58MHx8MHw%3D&ixlib=rb-1.2.1&auto=format&fit=crop&w=500&q=60,"믿어지십니까, 어두운데서 찍는 카메라! 이제 밤에도 사진을찍어요!!!",1000004,1256780,1.26,188,2021-01-06,2021-02-14
1,give me the money 보기만 봐도 돈을 주고 싶은 robot  팔!!,https://images.unsplash.com/photo-1531746790731-6c087fecd65a?ixid=MXwxMjA3fDB8MHxzZWFyY2h8NzV8fHRlY2hub2xvZ3l8ZW58MHx8MHw%3D&ixlib=rb-1.2.1&auto=format&fit=crop&w=500&q=60,이 손을 보고 돈을 주지 않을 수 없습니다.!! 부자로 만들어 주는 팔입니다.!!! ,1000005,854300,0.85,12374,2021-01-07,2021-02-15
1,[앵콜 판매] 스텔스 기능까지 있는 드론,https://images.unsplash.com/photo-1487887235947-a955ef187fcc?ixid=MXwxMjA3fDB8MHxzZWFyY2h8OTN8fHRlY2hub2xvZ3l8ZW58MHx8MHw%3D&ixlib=rb-1.2.1&auto=format&fit=crop&w=500&q=60,스텔스 기능이 있는 드론 보신적 있나요? 바로 여깄습니다. 아시겠습니까? 빨리 구매하세요 안하고 머하십니까,1000006,1515810,1.52,8877,2021-01-08,2021-02-16
1,사람보다 청소 잘하고 컴퓨터 잘 부수게 생긴 로봇,https://images.unsplash.com/photo-1535378917042-10a22c95931a?ixid=MXwxMjA3fDB8MHxzZWFyY2h8MTYwfHx0ZWNobm9sb2d5fGVufDB8fDB8&ixlib=rb-1.2.1&auto=format&fit=crop&w=500&q=60,"집에 청소하기 귀찮으신가요?, 컴퓨터를 고장 내고 싶을때 사요하시면 됩니다.!!!! ",1000007,8880000,8.88,955,2021-01-09,2021-02-17
1,가상환경 게임이 가능한 VR!!! 누구나 메이플을 가상환경으로!! 혼테일 잡으러 갑시다,https://images.unsplash.com/photo-1593508512255-86ab42a8e620?ixid=MXwxMjA3fDB8MHxzZWFyY2h8MzAzfHx0ZWNobm9sb2d5fGVufDB8fDB8&ixlib=rb-1.2.1&auto=format&fit=crop&w=500&q=60,코드짜는게 너무 힘드시죠? 힘들때 게임을 하셔야 겠죠? VR  게임기 사세요!! 좋아요 진짜!!!,1000008,999990,1,125,2021-01-10,2021-02-18
1,위코드 출퇴근용 비행기로 딱좋습니다!!! 한국 어디서든지 10~ 15분 이내 주파가능! 물량 많이 없습니다.!,https://images.unsplash.com/photo-1581087717637-1e3ceb17c5de?ixid=MXwxMjA3fDB8MHxzZWFyY2h8MzI0fHx0ZWNobm9sb2d5fGVufDB8fDB8&ixlib=rb-1.2.1&auto=format&fit=crop&w=500&q=60,매일 지하철 사람에 치이고 너무 힘드시죠? 이럴때 제트기 하나 장만하세요!! 한국 어디든 10~ 15분 주파 자칫하면 북한으로 넘어갈수도 있습니다.,1000009,8899900,8.9,987,2021-01-11,2021-02-19
2,[누적3억] 힘들게 일하시는 경찰관 분들을 도와주세요 많은 관심과 후원 부탁드리겠습니다.,https://images.unsplash.com/photo-1588776934778-215d71d3e61e?ixid=MXwxMjA3fDB8MHxzZWFyY2h8NXx8ZG9uYXRpb258ZW58MHx8MHw%3D&ixlib=rb-1.2.1&auto=format&fit=crop&w=500&q=60,"늦은시간 까지 도로교통 통제를 위한 경찰관은 우리의 옆집, 앞집 윗집 일수도 있습니다. 추운 날에도 고생하시는 경찰관들을 도와줍니다.",1000010,500000,0.5,5000,2021-01-02,2021-02-15
2,코로나로 힘근 의료계를 위해 후원해주세요 당신의 관심이 코로나의 확산을 막을 수 있습니다.,https://images.unsplash.com/photo-1588611911587-7bc55b45d588?ixid=MXwxMjA3fDB8MHxzZWFyY2h8MTV8fGRvbmF0aW9ufGVufDB8fDB8&ixlib=rb-1.2.1&auto=format&fit=crop&w=500&q=60,코로나로 힘근 의료계를 위해 후원해주세요 당신의 관심이 코로나의 확산을 막을 수 있습니다.,1000011,4800000,4.8,10000,2021-01-03,2021-02-16
2,[아프리카 후원] 3일째 굶고있는 아이들,https://images.unsplash.com/photo-1488521787991-ed7bbaae773c?ixid=MXwxMjA3fDB8MHxzZWFyY2h8Mnx8ZG9uYXRpb258ZW58MHx8MHw%3D&ixlib=rb-1.2.1&auto=format&fit=crop&w=500&q=60,배를 굶는 아이들을 위해 여러분들의 많은 관심과 후원 부탁드리겠습니다.,1000012,150000,0.15,810,2021-01-04,2021-02-17
2,이 가족을 아십니까?,https://images.unsplash.com/photo-1566938042100-0a0d4f174269?ixid=MXwxMjA3fDB8MHxzZWFyY2h8NDB8fHZvbHVudGVlcnxlbnwwfHwwfA%3D%3D&ixlib=rb-1.2.1&auto=format&fit=crop&w=500&q=60,수레를끌면서 여자아이를 키우는 가족들에게 관심과 후원을 부탁드리겠습니다.,1000013,800000,0.8,2000,2021-01-05,2021-02-18
2,[앵콜] 소방관 후원,https://images.unsplash.com/photo-1573764751007-0c44e9853b92?ixid=MXwxMjA3fDB8MHxzZWFyY2h8NDh8fHZvbHVudGVlcnxlbnwwfHwwfA%3D%3D&ixlib=rb-1.2.1&auto=format&fit=crop&w=500&q=60,뜨거운 불과 싸우는 소방관을 위한 소방용품 후원을 부탁드리겠습니다.,1000014,7000000,7,485,2021-01-06,2021-02-19
2,HEY Give Me the Money,https://images.unsplash.com/photo-1516749712236-67f5688a642a?ixid=MXwxMjA3fDB8MHxzZWFyY2h8MzZ8fGhlbHB8ZW58MHx8MHw%3D&ixlib=rb-1.2.1&auto=format&fit=crop&w=500&q=60,,1000015,9000000,9,953,2021-01-07,2021-02-20
2,[아이를 보십쇼!] 아이들을 살립시다!,https://images.unsplash.com/photo-1585842378055-55e2ede0c7c0?ixid=MXwxMjA3fDB8MHxzZWFyY2h8MTEzfHxoZWxwfGVufDB8fDB8&ixlib=rb-1.2.1&auto=format&fit=crop&w=500&q=60,가난한 아이들을 위한 코로나 백신을 맞추기 위해 후원이 필요한 시점입니다. 부탁드리겠습니다.,1000016,7800000,7.8,710,2021-01-08,2021-02-21
2,음식 후원!! ,https://images.unsplash.com/photo-1596276567596-8eb1b5994cfb?ixid=MXwxMjA3fDB8MHxzZWFyY2h8ODN8fGRvbmF0aW9ufGVufDB8fDB8&ixlib=rb-1.2.1&auto=format&fit=crop&w=500&q=60,강아지옆에 있는 치즈케잌을 보시죠 너무 맛있겠죠? 그럼 후원해주세요 치즈케잌 만들어 드리겠습니다.,1000017,1500000,1.5,851,2021-01-09,2021-02-22
2,[가수 후원] 콘서트 열고 싶어요,https://images.unsplash.com/photo-1609710425116-00f1d3b91490?ixid=MXwxMjA3fDB8MHxzZWFyY2h8OTh8fGRvbmF0aW9ufGVufDB8fDB8&ixlib=rb-1.2.1&auto=format&fit=crop&w=500&q=60,1000만장 판매 가수!!! 콘서트 열기위해 돈을 모으고 있는 중입니다. 후원 부탁드리겠습니다.,1000018,8000000,8,951,2021-01-10,2021-02-23
2,단체 후원,https://images.unsplash.com/photo-1506870144739-432c2b8141bf?ixid=MXwxMjA3fDB8MHxzZWFyY2h8MTUxfHxkb25hdGlvbnxlbnwwfHwwfA%3D%3D&ixlib=rb-1.2.1&auto=format&fit=crop&w=500&q=60,한명당 1000원!! 줄줄이 하는 기부! 극락왕생 하실겁니다.!,1000019,9000000,9,122,2021-01-11,2021-02-24
3,[10박 11일] 텐트!,https://images.unsplash.com/photo-1550957886-ac45931e5779?ixid=MXwxMjA3fDB8MHxwaG90by1wYWdlfHx8fGVufDB8fHw%3D&ixlib=rb-1.2.1&auto=format&fit=crop&w=1567&q=80,11일 동안 먹고 자도 해도 물샘없이 야생동물도 오지않습니다. 아주 시몬 침대같은 안락함,1000020,840000,0.84,150,2021-01-01,2021-3-5
3,파리여행,https://images.unsplash.com/photo-1534131707746-25d604851a1f?ixid=MXwxMjA3fDB8MHxwaG90by1wYWdlfHx8fGVufDB8fHw%3D&ixlib=rb-1.2.1&auto=format&fit=crop&w=1950&q=80,코로나로 가지 못한 해외여행 이제 갈 수 있습니다. 다들 떠나요!,1000021,1200000,1.2,254,2021-01-02,2021-3-6
3,[누적 100억]앤택 캐리어 판매,https://images.unsplash.com/photo-1515622472995-1a06094d2224?ixid=MXwxMjA3fDB8MHxzZWFyY2h8Mnx8c3VpdGNhc2V8ZW58MHx8MHw%3D&ixlib=rb-1.2.1&auto=format&fit=crop&w=800&q=60,앤티크한 느낌을 가질 수 있는 캐리어 !! 이제 떠나요 ,1000022,810000,0.81,9553,2021-01-03,2021-3-7
3,고급 여행 용품,https://images.unsplash.com/photo-1585501955086-9ad697561e85?ixid=MXwxMjA3fDB8MHxwaG90by1wYWdlfHx8fGVufDB8fHw%3D&ixlib=rb-1.2.1&auto=format&fit=crop&w=976&q=80,여행갈 때 텀블러 담아야 하죠? 이제 이걸로 담아가시면 됩니다. 텀블러에서 내용물이 흘러도 아무런 그런게 없습니다.,1000023,8740000,8.74,484,2021-01-04,2021-3-8
3,이거 하나면 끝이다! 여행가방,https://images.unsplash.com/photo-1603920347917-d16487c88db4?ixid=MXwxMjA3fDB8MHxwaG90by1wYWdlfHx8fGVufDB8fHw%3D&ixlib=rb-1.2.1&auto=format&fit=crop&w=1950&q=80,이러한 여행가방은 없다. 수납 200% 가능한 여행가방! 진돗개도 넣어갈 수 있습니다.,1000024,988500,0.99,150,2021-01-05,2021-3-9
3,여행의 필수품 자전거!,https://images.unsplash.com/photo-1553105659-d918b253f0f2?ixid=MXwxMjA3fDB8MHxwaG90by1wYWdlfHx8fGVufDB8fHw%3D&ixlib=rb-1.2.1&auto=format&fit=crop&w=976&q=80,밤에도 절대 사고 안나게 불 빛 나는 자전거!! 미리 사고 안나게 조심합시다.,1000025,500000,0.5,100,2021-01-06,2021-3-10
3,이거 없어요? 왜 없어요?,https://images.unsplash.com/photo-1476462590209-83da9bff37d8?ixid=MXwxMjA3fDB8MHxwaG90by1wYWdlfHx8fGVufDB8fHw%3D&ixlib=rb-1.2.1&auto=format&fit=crop&w=1950&q=80,여행의 꽃 라면을 위해서 하나 꼭 있어야 하는 버너,1000026,7014000,7.01,845,2021-01-07,2021-3-11
3,떠나요 스페인으로 ,https://images.unsplash.com/photo-1525027831736-e4eb1fc57965?ixid=MXwxMjA3fDB8MHxwaG90by1wYWdlfHx8fGVufDB8fHw%3D&ixlib=rb-1.2.1&auto=format&fit=crop&w=2089&q=80,떠나요 스페인으로 코로나 종식 후 떠나는 여행 에메랄드 빛 바다를 보러 갑시다.!!,1000027,9841000,9.84,985,2021-01-08,2021-3-12
3,신형 스노쿨링!,https://images.unsplash.com/photo-1606586285062-cf4aa591f35a?ixid=MXwxMjA3fDB8MHxwaG90by1wYWdlfHx8fGVufDB8fHw%3D&ixlib=rb-1.2.1&auto=format&fit=crop&w=1950&q=80,아이들을 위한 신형 스노쿨링 장비! 더이상 바다수영할때 소금기가 들어오는 것을 걱정 할 필요가 없습니다. 완벽 방수!!,1000028,941200,0.94,152,2021-01-09,2021-3-13
3,믿겨지십니까? 캠핑카 입니다.,https://images.unsplash.com/photo-1519980744-785dc86d4a7a?ixid=MXwxMjA3fDB8MHxwaG90by1wYWdlfHx8fGVufDB8fHw%3D&ixlib=rb-1.2.1&auto=format&fit=crop&w=975&q=80,고급 호텔을 그대로 옮겨 놓은 듯한 호텔!! 여행의 질이 달라지게 됩니다. 텐트의 시대는 가라 이제는 캠핑카다!!,1000029,874100,0.87,151,2021-01-10,2021-3-14
4,하이파이브모임,https://images.unsplash.com/photo-1600880292203-757bb62b4baf?ixid=MXwxMjA3fDB8MHxwaG90by1wYWdlfHx8fGVufDB8fHw%3D&ixlib=rb-1.2.1&auto=format&fit=crop&w=1950&q=80,"세상에 지치고, 힘들때 힘을 내야할때 다른 사람과 이야기 하고 싶을때 오세요!",1000030,5000000,5,50,2021-01-01,2021-02-05
4,자아성찰 하는 모임,https://images.unsplash.com/photo-1517048676732-d65bc937f952?ixid=MXwxMjA3fDB8MHxzZWFyY2h8M3x8bWVldGluZ3xlbnwwfHwwfA%3D%3D&ixlib=rb-1.2.1&auto=format&fit=crop&w=800&q=60,"잘못한일 이 있으면 오십쇼, 반성하고 회개하는 시간을 가집시다.",1000031,5000000,5,1000,2021-01-02,2021-02-06
4,[5.0 앵콜] 누가누가 술 잘먹나,https://images.unsplash.com/photo-1568992688065-536aad8a12f6?ixid=MXwxMjA3fDB8MHxwaG90by1wYWdlfHx8fGVufDB8fHw%3D&ixlib=rb-1.2.1&auto=format&fit=crop&w=2089&q=80,세상에 내가 제일 술을 잘먹는다고 생각하는 사람들이 오는 모임 !!!! 뻗어도 안전보장!! 가드 항시대기,1000032,6000000,6,541,2021-01-03,2021-02-07
4,돌고래를 지키는 모임,https://images.unsplash.com/photo-1556761175-5973dc0f32e7?ixid=MXwxMjA3fDB8MHxwaG90by1wYWdlfHx8fGVufDB8fHw%3D&ixlib=rb-1.2.1&auto=format&fit=crop&w=2090&q=80,코딩은 머다 새벽코딩 밤에 몰래하는 코딩이 제일 잘됩니다. 하지만 혼자보다 같이하는게 낫겠죠? 좋습니다. 새벽에 하는 모임입니다.,1000033,7000000,7,841,2021-01-04,2021-02-08
4,[매우 중요]상위 1% 코딩 모임,https://images.unsplash.com/photo-1541746972996-4e0b0f43e02a?ixid=MXwxMjA3fDB8MHxwaG90by1wYWdlfHx8fGVufDB8fHw%3D&ixlib=rb-1.2.1&auto=format&fit=crop&w=1950&q=80,돌고래를 지킵시다. 사람에게 우호적인 동물인 돌고래를 지켜야 합니다.,1000034,8000000,8,621,2021-01-05,2021-02-09
4,1대 1 개인 과외!! 하버드대 출신,https://images.unsplash.com/photo-1562564055-71e051d33c19?ixid=MXwxMjA3fDB8MHxwaG90by1wYWdlfHx8fGVufDB8fHw%3D&ixlib=rb-1.2.1&auto=format&fit=crop&w=1950&q=80,상위 1% 대학교 진학가능 돈값하는 개인과외 안되면 환불 드립니다.,1000035,9000000,9,235,2021-01-06,2021-02-10
4,직장인의  휴식을 위한 모임,https://images.unsplash.com/photo-1558403194-611308249627?ixid=MXwxMjA3fDB8MHxwaG90by1wYWdlfHx8fGVufDB8fHw%3D&ixlib=rb-1.2.1&auto=format&fit=crop&w=1950&q=80,지친 직장인들을 위한 휴식과 관련된 모임입니다. 업무도 중요하지만 휴식도 중요합니다.,1000036,8000000,8,245,2021-01-07,2021-02-11
4,say Yes! 경매,https://images.unsplash.com/photo-1477281765962-ef34e8bb0967?ixid=MXwxMjA3fDB8MHxwaG90by1wYWdlfHx8fGVufDB8fHw%3D&ixlib=rb-1.2.1&auto=format&fit=crop&w=1532&q=80,원하는 물건은 경쟁으로 가져가세요! 손 빨리들면 얻을 수 있습니다.,1000037,6000005,6,265,2021-01-08,2021-02-12
4,"배움, 모임!! 그들을 위한 장소!",https://images.unsplash.com/photo-1553877522-43269d4ea984?ixlib=rb-1.2.1&ixid=MXwxMjA3fDB8MHxwaG90by1wYWdlfHx8fGVufDB8fHw%3D&auto=format&fit=crop&w=1950&q=80,항상 배우는 자세를 가지고 저자세를 유지하는 모임입니다. 나를 내세우기 보다는 항상 배우는 모임,1000038,4800000,4.8,271,2021-01-09,2021-02-13
4,생일을 대신 축하해 드립니다. 대리 축하 모임,https://images.unsplash.com/photo-1550177977-ad69e8f3cae0?ixid=MXwxMjA3fDB8MHxwaG90by1wYWdlfHx8fGVufDB8fHw%3D&ixlib=rb-1.2.1&auto=format&fit=crop&w=1950&q=80,왕따 방지 프로젝트 생일에 참석해 드립니다.! 물론 선물도 챙겨갑니다.,1000039,5000000,5,150,2021-01-10,2021-02-14
5,건강하지만 배부른 도시락!,https://images.unsplash.com/photo-1482049016688-2d3e1b311543?ixid=MXwxMjA3fDB8MHxzZWFyY2h8MXx8Zm9vZHxlbnwwfHwwfA%3D%3D&ixlib=rb-1.2.1&auto=format&fit=crop&w=800&q=60,"유기농 야채로 만든 샌드위치, 늦으면 없습니다. 반드시 지금 구매하셔야 합니다.",1000040,5000000,5,100,2021-01-01,2021-2-4
5,둘이먹다 둘이 죽는 호박죽,https://images.unsplash.com/photo-1476718406336-bb5a9690ee2a?ixid=MXwxMjA3fDB8MHxzZWFyY2h8NHx8Zm9vZHxlbnwwfHwwfA%3D%3D&ixlib=rb-1.2.1&auto=format&fit=crop&w=800&q=60,너무 맛있어서 둘이 먹다가 둘이 죽을 줄도 모르는 호박죽(진짜 죽지는 않습니다.),1000041,6000000,6,150,2021-01-02,2021-2-5
5,너무 맛있는 피자,https://images.unsplash.com/photo-1458642849426-cfb724f15ef7?ixid=MXwxMjA3fDB8MHxzZWFyY2h8NDZ8fGZvb2R8ZW58MHx8MHw%3D&ixlib=rb-1.2.1&auto=format&fit=crop&w=800&q=60,햄이 듬뿍 치즈도 듬뿍 반드시 드셔보세요 서포터들의 강추를 받은 피자입니다.,1000042,7000000,7,323,2021-01-03,2021-02-6
5,아는 사람은 다 안다는 과일 쥬스,https://images.unsplash.com/photo-1481671703460-040cb8a2d909?ixid=MXwxMjA3fDB8MHxzZWFyY2h8NzB8fGZvb2R8ZW58MHx8MHw%3D&ixlib=rb-1.2.1&auto=format&fit=crop&w=800&q=60,커피대신 과일 카페인보다 비타민으로 몸을 채우세요! 추천합니다. 석류!,1000043,8000000,8,850,2021-01-04,2021-2-7
5,[앵콜 누적 펀딩 금액 5000만] 치즈 끝판와 파스타,https://images.unsplash.com/photo-1473093226795-af9932fe5856?ixid=MXwxMjA3fDB8MHxzZWFyY2h8NzR8fGZvb2R8ZW58MHx8MHw%3D&ixlib=rb-1.2.1&auto=format&fit=crop&w=800&q=60,옆동네 철수가 먹고 맛있다고 극찬한 파스타! 추천합니다. !!,1000044,9000000,9,857,2021-01-05,2021-2-8
5,오렌지? 빨간오렌지?,https://images.unsplash.com/photo-1577234286642-fc512a5f8f11?ixid=MXwxMjA3fDB8MHxzZWFyY2h8ODd8fGZvb2R8ZW58MHx8MHw%3D&ixlib=rb-1.2.1&auto=format&fit=crop&w=800&q=60,오렌지가 주황색이란느 편견을 버리세요. 비타민은 두 배인 레드 오렌지!!,1000045,7000000,7,154,2021-01-06,2021-2-9
5,영화 볼때 반드시 필요한 팝콘 팝코오온!!!,https://images.unsplash.com/photo-1512149177596-f817c7ef5d4c?ixid=MXwxMjA3fDB8MHxzZWFyY2h8OTZ8fGZvb2R8ZW58MHx8MHw%3D&ixlib=rb-1.2.1&auto=format&fit=crop&w=800&q=60,지하 암반수로 만든 팝콘 어떠세요? 질감부터 틀립니다.!!,1000046,6000000,6,687,2021-01-07,2021-2-10
5,무공해 딸기 아이들을 위한 선택,https://images.unsplash.com/photo-1591818949732-4bad71ef07f3?ixid=MXwxMjA3fDB8MHxzZWFyY2h8MTE2fHxmb29kfGVufDB8fDB8&ixlib=rb-1.2.1&auto=format&fit=crop&w=800&q=60,50년 살면서 담배 근처도 안간 청정 농부가 재배한 비닐하우스 무공해 무농약 딸기 입니다 !! ,1000047,8000000,8,456,2021-01-08,2021-2-11
5,[다시 한번] 앵콜!! 오늘 하루 마카롱,https://images.unsplash.com/photo-1548033698-5ceb4f3dce02?ixid=MXwxMjA3fDB8MHxzZWFyY2h8MTY1fHxmb29kfGVufDB8fDB8&ixlib=rb-1.2.1&auto=format&fit=crop&w=800&q=60,코딩하면서 지친 심신을 달래줄 단거 드실때 꼭 오늘의 마카롱을 드세요 스트레스가 풀리는 단맛!!!!,1000048,6000000,6,127,2021-01-09,2021-2-12
5,하루 1 프레즐은 사랑입니다. ,https://images.unsplash.com/photo-1612078920321-9604f0aa6eb1?ixid=MXwxMjA3fDB8MHxzZWFyY2h8MjE2fHxmb29kfGVufDB8fDB8&ixlib=rb-1.2.1&auto=format&fit=crop&w=800&q=60,단짠단짠은 아닙니다 그냥 짠맛만 있으면 됩니다. 하루 1프레즐로 염분을 채워보세요!!,1000049,3000000,3,537,2021-01-10,2021-2-13
6,이 가격에 소파를? ,https://images.unsplash.com/photo-1493663284031-b7e3aefcae8e?ixid=MXwxMjA3fDB8MHxwaG90by1wYWdlfHx8fGVufDB8fHw%3D&ixlib=rb-1.2.1&auto=format&fit=crop&w=1950&q=80,인테리어에 아주 큰 포인트가 되는 예쁜 소파,1000050,840000,0.84,150,2021-01-01,2021-03-05
6,,https://images.unsplash.com/flagged/photo-1575517111839-3a3843ee7f5d?ixid=MXwxMjA3fDB8MHxwaG90by1wYWdlfHx8fGVufDB8fHw%3D&ixlib=rb-1.2.1&auto=format&fit=crop&w=1950&q=80,,1000051,1200000,1.2,254,2021-01-02,2021-03-06
6,,https://images.unsplash.com/photo-1549638441-b787d2e11f14?ixlib=rb-1.2.1&ixid=MXwxMjA3fDB8MHxwaG90by1wYWdlfHx8fGVufDB8fHw%3D&auto=format&fit=crop&w=1950&q=80,,1000052,81000,0.08,9553,2021-01-03,2021-03-07
6,,https://images.unsplash.com/photo-1448697138198-9aa6d0d84bf4?ixid=MXwxMjA3fDB8MHxwaG90by1wYWdlfHx8fGVufDB8fHw%3D&ixlib=rb-1.2.1&auto=format&fit=crop&w=1950&q=80,,1000053,874000,0.87,484,2021-01-04,2021-03-08
6,,https://images.unsplash.com/photo-1485955900006-10f4d324d411?ixid=MXwxMjA3fDB8MHxwaG90by1wYWdlfHx8fGVufDB8fHw%3D&ixlib=rb-1.2.1&auto=format&fit=crop&w=2852&q=80,,1000054,988500,0.99,150,2021-01-05,2021-03-09
6,,https://images.unsplash.com/photo-1593814013328-6041acc27094?ixid=MXwxMjA3fDB8MHxzZWFyY2h8OHx8Ym9va3NoZWxmfGVufDB8MHwwfA%3D%3D&ixlib=rb-1.2.1&auto=format&fit=crop&w=800&q=60,,1000055,500000,0.5,100,2021-01-06,2021-03-10
6,,https://images.unsplash.com/photo-1533090368676-1fd25485db88?ixid=MXwxMjA3fDB8MHxwaG90by1wYWdlfHx8fGVufDB8fHw%3D&ixlib=rb-1.2.1&auto=format&fit=crop&w=1950&q=80,,1000056,7014000,7.01,845,2021-01-07,2021-03-11
6,,https://images.unsplash.com/photo-1593814013328-6041acc27094?ixid=MXwxMjA3fDB8MHxwaG90by1wYWdlfHx8fGVufDB8fHw%3D&ixlib=rb-1.2.1&auto=format&fit=crop&w=1960&q=80,,1000057,9841000,9.84,985,2021-01-08,2021-03-12
6,,https://images.unsplash.com/photo-1574421189457-6e0a51abe767?ixid=MXwxMjA3fDB8MHxwaG90by1wYWdlfHx8fGVufDB8fHw%3D&ixlib=rb-1.2.1&auto=format&fit=crop&w=1950&q=80,,1000058,941200,0.94,152,2021-01-09,2021-03-13
6,,https://images.unsplash.com/photo-1553034710-47f9e03ff808?ixid=MXwxMjA3fDB8MHxwaG90by1wYWdlfHx8fGVufDB8fHw%3D&ixlib=rb-1.2.1&auto=format&fit=crop&w=1950&q=80,,1000059,874100,0.87,151,2021-01-10,2021-03-14
7,#SafetypinChallenge 차별 없는 사회를 위한 아름다운 도약,https://images.unsplash.com/photo-1566107222733-864261c6ae3c?ixid=MXwxMjA3fDB8MHxwaG90by1wYWdlfHx8fGVufDB8fHw%3D&ixlib=rb-1.2.1&auto=format&fit=crop&w=1502&q=80,The link that leads you to an Equal Society' 차별 없는 사회를 지향합니다.,1000060,5000000,5,100,2021-02-05,2021-02-21
7,"추운 겨울, 세상에서 제일 따뜻한 백팩",https://images.unsplash.com/photo-1577733975197-3b950ca5cabe?ixid=MXwxMjA3fDB8MHxwaG90by1wYWdlfHx8fGVufDB8fHw%3D&ixlib=rb-1.2.1&auto=format&fit=crop&w=1950&q=80,"유기동물을 돕는 가장 쉬운 방법, '클로렌즈'. 18FW새벽제주 캠페인과 백팩 전성시대를 이끈 ‘리오카이류’의 콜라보레이션 백팩! 수익의 절반은 제주도 유기동물을 위해 사용됩니다.",1000061,6000000,6,150,2018-10-31,2018-12-18
7,#NursesAlwaysWithYOU 이제는 우리가 간호사들을 간호할 차례입니다,https://images.unsplash.com/photo-1591604021695-0c69b7c05981?ixid=MXwxMjA3fDB8MHxzZWFyY2h8NHx8bnVyc2V8ZW58MHwwfDB8&ixlib=rb-1.2.1&auto=format&fit=crop&w=1400&q=60,돌아보니 항상 간호사들은 우리 곁에 있었습니다. 이제는 우리가 그들을 간호해 줄 차례입니다. #NurwaysWIthYOU 간호사 인식개선 캠페인,1000062,7000000,7,323,2019-08-05,2019-09-05
7,"""사지마세요, 입양하세요"": 고양이유대 2020 캘린더",https://images.unsplash.com/photo-1514888286974-6c03e2ca1dba?ixid=MXwxMjA3fDB8MHxzZWFyY2h8MXx8Y2F0fGVufDB8MHwwfA%3D%3D&ixlib=rb-1.2.1&auto=format&fit=crop&w=1400&q=60,"거리를 떠돌던 유기동물에서 사랑스러운 반려동물이 되기까지, 가슴 뭉클한 입양기가 담긴 동물자유연대 2019 캘린더",1000063,8000000,8,850,2018-11-23,2018-12-09
7,아이들을 위한 방임 학대 예방 백지,https://images.unsplash.com/photo-1521249730512-fddd11477549?ixlib=rb-1.2.1&ixid=MXwxMjA3fDB8MHxwaG90by1wYWdlfHx8fGVufDB8fHw%3D&auto=format&fit=crop&w=1498&q=80,사람들의 시선에서 벗어난 사회 문제에 초점을 맞추고 싶어 모였습니다. 그들에게 조명을 비추어 더 많은 관심을 끌어내고자 합니다.,1000064,9000000,9,857,2021-02-18,2021-04-15
7,코로나19 극복의 한걸음이 되어주세요 후원굿즈 폰케이스,https://images.unsplash.com/photo-1587804979330-6fedf0e229b2?ixid=MXwxMjA3fDB8MHxwaG90by1wYWdlfHx8fGVufDB8fHw%3D&ixlib=rb-1.2.1&auto=format&fit=crop&w=1430&q=80,코로나로 힘든 취약계층을 후원하는 굿즈(폰케이스/그립톡),1000065,7000000,7,100,2021-02-09,2021-04-07
7,내 일을 사랑하는 사람을 위한 흑백사진 [내일 프로젝트],https://images.unsplash.com/photo-1580089471304-680d1604c33d?ixid=MXwxMjA3fDB8MHxwaG90by1wYWdlfHx8fGVufDB8fHw%3D&ixlib=rb-1.2.1&auto=format&fit=crop&w=1500&q=80,"바이러닉을 방문했던 멋진 연예인들처럼 내가 사랑하는 나, 내가 사랑하는 내 일을 흑백하게 담아드립니다. 어디에나 자랑하고 싶은 명함, 힙한 액자, 맞춤 피규어로 특별해지길 바래요!",1000066,6000000,6,150,2020-02-04,2020-02-29
7,[앵콜/땡큐캡] 우리의 영웅들 감사합니다. ,https://images.unsplash.com/photo-1466992133056-ae8de8e22809?ixid=MXwxMjA3fDB8MHxwaG90by1wYWdlfHx8fGVufDB8fHw%3D&ixlib=rb-1.2.1&auto=format&fit=crop&w=1383&q=80,"무심코 스쳐 지나갔을 국가유공자분들께 감사함을 전하는 프로젝트입니다. 리워드로 쓰는 것만으로 감사를 전할 수 있는 모자를 드리고, 후원수익금으로 국가유공자분들께 모자를 기부합니다.",1000067,8000000,8,323,2019-12-23,2020-01-27
7,세안 후 걱정없는 바를거리: 토너,https://images.unsplash.com/photo-1517621771456-94400b855f7b?ixid=MXwxMjA3fDB8MHxwaG90by1wYWdlfHx8fGVufDB8fHw%3D&ixlib=rb-1.2.1&auto=format&fit=crop&w=1500&q=80,"세안 후 피부 노폐물과 건조를 해결하지만, 누구나 매일 쓰기에 걱정과 차별이 없습니다. 물건 그 이상의 가치에 펀딩하세요.",1000068,3000000,3,537,2018-06-20,2018-07-08
8,[앵콜] 남다른 가죽 자켓 & 핸드메이드 코트,https://images.unsplash.com/photo-1483985988355-763728e1935b?ixid=MXwxMjA3fDB8MHxzZWFyY2h8Mnx8ZmFzaGlvbnxlbnwwfHwwfA%3D%3D&ixlib=rb-1.2.1&auto=format&fit=crop&w=800&q=60,미묘한 차이가 만들어내는 매우 중요한 차이. ALL MADE IN ITALY.,1000069,5000000,5,100,2021-02-18,2021-03-04
8,[누적 4천만원 앵콜] 고민하지 않고 살 소가죽 지갑,https://images.unsplash.com/photo-1537832816519-689ad163238b?ixid=MXwxMjA3fDB8MHxzZWFyY2h8NXx8ZmFzaGlvbnxlbnwwfHwwfA%3D%3D&ixlib=rb-1.2.1&auto=format&fit=crop&w=800&q=60,제가 만든 소가죽 지갑입니다. 안 사는게 호구에요. ,1000070,6000000,6,150,2021-02-15,2021-03-05
8,[앵콜5억원 누적] 허민지가 만든 스니커즈,https://images.unsplash.com/photo-1463100099107-aa0980c362e6?ixid=MXwxMjA3fDB8MHxzZWFyY2h8MzR8fGZhc2hpb258ZW58MHx8MHw%3D&ixlib=rb-1.2.1&auto=format&fit=crop&w=800&q=60,디자이너 허민지님이 돌아왔다! 그분이 만드신 수제 스니커즈,1000071,8000000,8,850,2021-02-02,2021-03-18
8,[앵콜2번째] 8만원짜리 소가죽 가방인데 스트랩까지 준다고?,https://images.unsplash.com/photo-1596149615493-f0739de31c2d?ixid=MXwxMjA3fDB8MHxzZWFyY2h8NDV8fGZhc2hpb258ZW58MHx8MHw%3D&ixlib=rb-1.2.1&auto=format&fit=crop&w=800&q=60,[800개한정]무조건 득템각 펀딩ㅣ명품 퀄리티 천연 소가죽 & 매력적인 3가지 컬러감의 미니백이 8만원대? 심지어 3가지 스트랩이 포함되어 매 순간 스타일링 고민 없는 <데뷔백>,1000072,9000000,9,857,2021-02-03,2021-03-19
8,3만원대 한정판 선글라스 5팩,https://images.unsplash.com/photo-1526323231297-86ea84cf2647?ixid=MXwxMjA3fDB8MHxzZWFyY2h8MXx8c3VuZ2xlc3Nlc3xlbnwwfHwwfA%3D%3D&ixlib=rb-1.2.1&auto=format&fit=crop&w=800&q=60,블루라이트 차단 필터까지 옵션으로 있는 멋진 선글라스!,1000073,7000000,7,154,2021-02-04,2021-03-20
8,안 신은 것 같이 가벼운 운동화! ,https://images.unsplash.com/photo-1465877783223-4eba513e27c6?ixid=MXwxMjA3fDB8MHxzZWFyY2h8MTF8fHNob2VzfGVufDB8fDB8&ixlib=rb-1.2.1&auto=format&fit=crop&w=800&q=60,운동할때 딱 신기 좋은 컬러감이 이쁜 운동화 콜렉션!,1000074,6000000,6,687,2021-02-05,2021-03-21
8,이렇게까지 편한 구두는 없었다!,https://images.unsplash.com/photo-1597946650064-a78fe46e919a?ixid=MXwxMjA3fDB8MHxzZWFyY2h8MzN8fHNob2VzfGVufDB8fDB8&ixlib=rb-1.2.1&auto=format&fit=crop&w=800&q=60,뒤꿈치 까지는 구두 때문에 불편하셔셨죠? 운동화 같이 편한 구두입니다!,1000075,8000000,8,456,2021-02-06,2021-03-22
8,5점만점앵콜 | 예쁜 겨울 남자 부츠 ,https://images.unsplash.com/photo-1546367564-ade1880f8921?ixid=MXwxMjA3fDB8MHxzZWFyY2h8NTJ8fHNob2VzfGVufDB8fDB8&ixlib=rb-1.2.1&auto=format&fit=crop&w=800&q=60,앵콜:신발끈 묶었다 풀었다 민망했죠? 5초만에 신고 벗는 '쉬운 부츠',1000076,6000000,6,127,2021-01-04,2021-02-12
8,디자인 특허를 받은 남녀 공용 벨트,https://images.unsplash.com/photo-1549654929-e63d34779e41?ixid=MXwxMjA3fDB8MHxwaG90by1wYWdlfHx8fGVufDB8fHw%3D&ixlib=rb-1.2.1&auto=format&fit=crop&w=2089&q=80,디자인 등록 받은 남녀 공용 벨트 27~42인치까지 모두 가능!,1000077,3000000,3,537,2021-01-05,2021-02-13
8,,,,1000078,,,,2021-01-06,2021-02-14
9,,,,1000079,,,,2021-01-07,2021-02-15
9,,,,1000080,,,,2021-01-08,2021-02-16
9,,,,1000081,,,,2021-01-09,2021-02-17
9,,,,1000082,,,,2021-01-10,2021-02-18
9,,,,1000083,,,,2021-01-11,2021-02-19
9,,,,1000084,,,,2021-01-12,2021-02-20
9,,,,1000085,,,,2021-01-13,2021-02-21
9,,,,1000086,,,,2021-01-14,2021-02-22
9,,,,1000087,,,,2021-01-15,2021-02-23
9,,,,1000088,,,,2021-01-16,2021-02-24
10,단기간 엑셀 마스터하기,https://images.unsplash.com/photo-1529078155058-5d716f45d604?ixid=MXwxMjA3fDB8MHxwaG90by1wYWdlfHx8fGVufDB8fHw%3D&ixlib=rb-1.2.1&auto=format&fit=crop&w=2549&q=80,신입사원의 가장 중요한 역할은? 바로 엑셀 관리! 더 효율적인 내용을 담을 수 있는 엑셀 제작 도움서입니다.,1000089,199700,,33,2021-02-01,2021-03-01
10,이동근 화백 (함께 그리다) 12권 전집,https://images.unsplash.com/photo-1531501410720-c8d437636169?ixid=MXwxMjA3fDB8MHxwaG90by1wYWdlfHx8fGVufDB8fHw%3D&ixlib=rb-1.2.1&auto=format&fit=crop&w=1934&q=80,예술혼과 정신으로 감미된 이동근 화백의 새로운 신작 '함께 그리다''는 젊은 남녀의 이별과 사랑에 관한 스토리입니다.  ,1000090,432900,,67,2021-02-18,2021-03-15
10,내 집 짓고 잘 살자,https://images.unsplash.com/photo-1549955034-7f8d860866e2?ixid=MXwxMjA3fDB8MHxwaG90by1wYWdlfHx8fGVufDB8fHw%3D&ixlib=rb-1.2.1&auto=format&fit=crop&w=2572&q=80,부딪히고 깨지면서 배울 바에는 제대로 배우겠다! 완벽한 가이드로 한번에 집짓기 성공하세요!,1000091,691200,,45,2021-02-02,2021-03-18
10,주식 수익률 1000% 전설의 투자왕 최호진의 신간 주식투자 책,https://images.unsplash.com/photo-1518186285589-2f7649de83e0?ixlib=rb-1.2.1&ixid=MXwxMjA3fDB8MHxwaG90by1wYWdlfHx8fGVufDB8fHw%3D&auto=format&fit=crop&w=1934&q=80,개미에서 대주주까지.. 그의 상세한 스토리를 엿보고 똑같이 따라하면서 수익률을 높이자!,1000092,202998,,641,2021-02-07,2021-03-10
10,속독으로 독서 시간 단축하자,https://images.unsplash.com/photo-1525715843408-5c6ec44503b1?ixid=MXwxMjA3fDB8MHxwaG90by1wYWdlfHx8fGVufDB8fHw%3D&ixlib=rb-1.2.1&auto=format&fit=crop&w=2550&q=80,2시간 안에 끝나는 속독 꿀팀. 제대로 배워서 다양한 문서에 써먹자!,1000093,1112280,,789,2020-12-24,2021-02-26
10,하이엣지 남성 패션의 모든 것 | 잘 입고 대접받자!,https://images.unsplash.com/photo-1520975954732-35dd22299614?ixlib=rb-1.2.1&ixid=MXwxMjA3fDB8MHxwaG90by1wYWdlfHx8fGVufDB8fHw%3D&auto=format&fit=crop&w=934&q=80,옷을 잘 입고 싶은 남자들을 위한 남당 옷장 안내서. 슬랙스부터 로퍼까지 100개의 콤비네이션 제공.,1000094,900020,,480,2021-01-09,2021-02-23
10,자녀와 함께 읽는 이솝 동화,https://images.unsplash.com/photo-1543002588-bfa74002ed7e?ixid=MXwxMjA3fDB8MHxwaG90by1wYWdlfHx8fGVufDB8fHw%3D&ixlib=rb-1.2.1&auto=format&fit=crop&w=934&q=80,자녀에게 30일 동안 새로운 이솝우화를 주자! 레벨 1부터 레벨 6까지 다양한 난이도를 한 권에!,1000095,891870,,963,2021-02-09,2021-03-13
10,,,,1000096,,,,2021-02-10,2021-03-14
10,,,,1000097,,,,2021-02-11,2021-03-15
10,,,,1000098,,,,2021-02-12,2021-03-16
11,신기하다 정말 잘들어간 다 농구공,https://images.unsplash.com/photo-1521412644187-c49fa049e84d?ixid=MXwxMjA3fDB8MHxzZWFyY2h8OXx8c3BvcnRzfGVufDB8fDB8&ixlib=rb-1.2.1&auto=format&fit=crop&w=800&q=60,이 공 내부에 미약한 자기장이 흐르고 있어 농구 골대를 찾아서 들어갑니다.!! 사기 농구를 원할때 사용하시면 됩니다.,1000099,6000000,,100,2020-12-05,2021-02-01
11,특허 소재로 만든 신발 속도가 더욱 잘 붙어요!,https://images.unsplash.com/photo-1547941126-3d5322b218b0?ixid=MXwxMjA3fDB8MHxzZWFyY2h8MjB8fHNwb3J0c3xlbnwwfHwwfA%3D%3D&ixlib=rb-1.2.1&auto=format&fit=crop&w=800&q=60,최강의 가벼움 하지만 극강의 내구도 신은듯 안신은듯 후회하지 않습니다. 구매해 보세요 !!,1000100,7000000,,150,2020-12-06,2021-02-02
11,극강의 탄력을 가지고 있는 테니스공 실력을 더욱 향상시켜드립니다.,https://images.unsplash.com/photo-1599586120566-886c39306895?ixid=MXwxMjA3fDB8MHxzZWFyY2h8MjZ8fHNwb3J0c3xlbnwwfHwwfA%3D%3D&ixlib=rb-1.2.1&auto=format&fit=crop&w=800&q=60,너무 잘튀어서 놀랍니다. 다른 기존의 테니스 공과는 그 질 부터 틀립니다. 일단 써보세요 후회 하지 않습니다.,1000101,8000000,,246,2020-12-07,2021-02-03
11,싼 가격에 즐기는 프리미엄 축구공,https://images.unsplash.com/photo-1554728667-662368ae729a?ixid=MXwxMjA3fDB8MHxzZWFyY2h8MTA5fHxzcG9ydHN8ZW58MHx8MHw%3D&ixlib=rb-1.2.1&auto=format&fit=crop&w=800&q=60,공이 받는 공기 저항 마저 생각한 축구공 입니다. 더욱 잘 감겨지고 더욱 빠르게 슛을 찰 수 있습니다.,1000102,9000000,,234,2020-12-08,2021-02-04
11,보행자 자동인식 퀵보드 사고 10% 미만,https://images.unsplash.com/photo-1563805898174-32757f44c556?ixid=MXwxMjA3fDB8MHxzZWFyY2h8Mnx8bW9iaWxpdHl8ZW58MHx8MHw%3D&ixlib=rb-1.2.1&auto=format&fit=crop&w=800&q=60,자동화 시대가 오고 보행자 인식이 있는 퀵보드입니다. 이제 퀵보드 사고 무서워 하지 마세요!,1000103,7000000,,852,2020-12-09,2021-02-05
11,특허받은 자동차 모델링! ,https://images.unsplash.com/photo-1610286304609-6e3ed57352d7?ixid=MXwxMjA3fDB8MHxzZWFyY2h8Mjd8fG1vYmlsaXR5fGVufDB8fDB8&ixlib=rb-1.2.1&auto=format&fit=crop&w=800&q=60,머스탱 차 디자인을 담당하는 사람입니다. 카 모델링을 전문적으로 해드립니다. 믿고 맡겨주십쇼!,1000104,2000000,,120,2020-12-10,2021-02-06
11,미래 자동차! 전기자동차의 장점을 극대화 시킨 자동차 입니다.,https://images.unsplash.com/photo-1581399909946-212344b3cf59?ixid=MXwxMjA3fDB8MHxzZWFyY2h8MTQzfHxtb2JpbGl0eXxlbnwwfHwwfA%3D%3D&ixlib=rb-1.2.1&auto=format&fit=crop&w=800&q=60,electric car의 선두주자! 미래를 위해서는 지금 미리 구매하셔야 합니다. 100% 환불 보장,1000105,100000,,898,2020-12-11,2021-02-07
11,걸을때 발 움직이기도 귀찮다 그럼 이걸 써보세요!,https://images.unsplash.com/photo-1552474934-08de6c70e28b?ixid=MXwxMjA3fDB8MHxzZWFyY2h8MTgxfHxtb2JpbGl0eXxlbnwwfHwwfA%3D%3D&ixlib=rb-1.2.1&auto=format&fit=crop&w=800&q=60,걸어가기 싫고 귀찮을때 대신 옮겨드립니다.,1000106,8000000,,757,2020-12-12,2021-02-08
11,[누적 1억] 최강의 경도와 가벼움을 가진 최상급 보드!! 진짜 좋습니다 써보세요,https://images.unsplash.com/photo-1590305504777-fd6e6405dac8?ixid=MXwxMjA3fDB8MHxzZWFyY2h8NzZ8fHNwb3J0cyUyMGVxdWlwfGVufDB8fDB8&ixlib=rb-1.2.1&auto=format&fit=crop&w=800&q=60,겨울 스포츠의 끝판왕 스키장에서 즐기는 보드!! 이미 써본 사람이 말합니다. 이 보드는 다르다고!,1000107,7000000,,656,2020-12-13,2021-02-09
11,그때 그시절 보드 내가 바로 인싸!,https://images.unsplash.com/photo-1586718103582-a89a7f441600?ixid=MXwxMjA3fDB8MHxzZWFyY2h8MjYxfHxzcG9ydHMlMjBlcXVpcHxlbnwwfHwwfA%3D%3D&ixlib=rb-1.2.1&auto=format&fit=crop&w=800&q=60,길거리 보드란 이런것입니다. 추억의 향수를 불러 일으키는 보드!,1000108,9000000,,989,2020-12-14,2021-02-10
12,창의력을 키워드립니다! 조기교육이 중요합니다.,https://images.unsplash.com/photo-1554343594-1c9d305bd51f?ixid=MXwxMjA3fDB8MHxzZWFyY2h8Mnx8Y3JheW9uc3xlbnwwfHwwfA%3D%3D&ixlib=rb-1.2.1&auto=format&fit=crop&w=800&q=60,그림을 통해 키우는 창의력 어렸을때 키운 창의력으로 어른까지 씁니다. 창의력 중요의 시대 지금부터 준비하세요!,1000109,800000,,210,2021-01-03,2021-03-04
12,어렸을때 부터 키워야 하는 공부습관 다이어리고 시작하세요,https://images.unsplash.com/photo-1598618023885-19ba276b562f?ixid=MXwxMjA3fDB8MHxzZWFyY2h8MXx8a2lkcyUyMGJvb2tzfGVufDB8fDB8&ixlib=rb-1.2.1&auto=format&fit=crop&w=800&q=60,다이어리 쓰는 습관이 성공을 부른다 하루하루 해야할 일을 미루지 맙시다! ,1000110,900000,,150,2021-01-04,2021-03-05
12,"[앵콜] 실전 키즈 군부대 훈련, 버르장머리를 고쳐드립니다.",https://images.unsplash.com/photo-1594950981383-6eb659d18fbf?ixid=MXwxMjA3fDB8MHxzZWFyY2h8MXx8a2lkcyUyMHRveXxlbnwwfHwwfA%3D%3D&ixlib=rb-1.2.1&auto=format&fit=crop&w=800&q=60,"밥투정, 싸가지 모두 고쳐드립니다. 예의 범절 중요하는 군대 조기교육 믿고 오세요 사고율 0% 보장합니다.",1000111,8700000,,520,2021-01-05,2021-03-06
12,건축학도가 되려면 레고부터 레고를 통해 키우는 공간 지각력,https://images.unsplash.com/photo-1577113398331-d843d3341a63?ixid=MXwxMjA3fDB8MHxzZWFyY2h8N3x8bGVnb3xlbnwwfHwwfA%3D%3D&ixlib=rb-1.2.1&auto=format&fit=crop&w=800&q=60,"레고는 창의력 뿐만아니라, 공간지각력을 키우는데 있어 매우 중요합니다. 지금 부터 시작하세요!",1000112,7700000,,320,2021-01-06,2021-03-07
12,뼈대과 골조를 알아야 합니다. 건담을 통해 알아보는 관절구조,https://images.unsplash.com/photo-1599481238505-b8b0537a3f77?ixid=MXwxMjA3fDB8MHxzZWFyY2h8NHx8dG95fGVufDB8fDB8&ixlib=rb-1.2.1&auto=format&fit=crop&w=800&q=60,건담을 만들면서 사람의 관절을 알아보자 다른 어디서도 할 수 없는 특이한 경험이 될 것입니다.,1000113,900000,,650,2021-01-07,2021-03-08
12,[앵콜요청] 할수있다. 만들 수 있다. 캐릭터 만들기,https://images.unsplash.com/photo-1549340247-83bf5132132b?ixid=MXwxMjA3fDB8MHxzZWFyY2h8MzZ8fHRveXxlbnwwfHwwfA%3D%3D&ixlib=rb-1.2.1&auto=format&fit=crop&w=800&q=60,고무찱흙으로 만드는 캐릭터 아주 쉽고 어린아이도 만들 수 있습니다. ,1000114,7000000,,480,2021-01-08,2021-03-09
12,[20만원대] 연필이 어떻게 만들어지는지 알아봅시다.,https://images.unsplash.com/photo-1518826778770-a729fb53327c?ixlib=rb-1.2.1&ixid=MXwxMjA3fDB8MHxzZWFyY2h8MTR8fGVkdWNhdGlvbiUyMGl0ZW18ZW58MHx8MHw%3D&auto=format&fit=crop&w=800&q=60,연필의 중요성을 알자 나무채취부터 직접 나무손질 하기 등 여러 체험들이 있습니다. ,1000115,8000000,,950,2021-01-09,2021-03-10
12,굴삭기는 이런것이다. 레고를 통해 알아보는 굴삭기,https://images.unsplash.com/photo-1559667326-e5edc968aeac?ixid=MXwxMjA3fDB8MHxzZWFyY2h8MTI5fHxraWRzJTIwZWR1Y2F0aW9ufGVufDB8fDB8&ixlib=rb-1.2.1&auto=format&fit=crop&w=800&q=60,"레고로 굴삭기도 만들고, 굴삭기에 대한 정보도 알수 있는 일석이조 콘텐츠 꼭 지원하세요 주문폭주!",1000116,7000000,,321,2021-01-10,2021-03-11
12,인형을 통해서 보는 어린아이의 성격 테스트!,https://images.unsplash.com/photo-1564470939458-1289338e2d85?ixid=MXwxMjA3fDB8MHxzZWFyY2h8NXx8a2lkcyUyMHRveXxlbnwwfHwwfA%3D%3D&ixlib=rb-1.2.1&auto=format&fit=crop&w=800&q=60,세살버른 여든까지 간다고 어렸을 때 초장에 잡아놔야 합니다. 그것을 위해 알아보는 성격테스트,1000117,8000000,,150,2021-01-11,2021-03-12
12,로봇도 조기교육 부터 코딩은 어렸을때 부터 해야합니다,https://images.unsplash.com/photo-1568585262983-9b54814595a9?ixid=MXwxMjA3fDB8MHxzZWFyY2h8MTR8fGtpZHMlMjB0b3l8ZW58MHx8MHw%3D&ixlib=rb-1.2.1&auto=format&fit=crop&w=800&q=60,"미래기술도 어렸을때 부터 해야합니다. 로봇을 만들어 보자 갈 수 있다 카이스트, 갈 수 있다 서울대",1000118,100000,,70,2021-01-12,2021-03-13
